{
    "type": "crafting_shapeless",
    "ingredients": [
        {
            "item": "minecraft:glass_pane"
        },
        {
            "item": "minecraft:glass_pane"
        },
        {
            "item": "minecraft:glass_pane"
        },
        {
            "item": "minecraft:glass_pane"
        },
        {
            "item": "minecraft:glass_pane"
        },
        {
            "item": "minecraft:glass_pane"
        }
    ],
    "result": {
        "item": "minecraft:glass",
        "count": 1
    }
}