{
    "type": "crafting_shapeless",
    "ingredients": [
        {
            "item": "minecraft:prismarine_bricks"
        },
        {
            "item": "minecraft:prismarine_bricks"
        },
        {
            "item": "minecraft:prismarine_bricks"
        },
        {
            "item": "minecraft:prismarine_bricks"
        },
        {
            "item": "minecraft:prismarine_bricks"
        },
        {
            "item": "minecraft:prismarine_bricks"
        },
        {
            "item": "minecraft:prismarine_bricks"
        },
        {
            "item": "minecraft:prismarine_bricks"
        },
	   {
	    "item": "minecraft:ink_sac"
	   }
    ],
    "result": {
        "item": "minecraft:dark_prismarine",
        "count": 8
    }
}