{
    "__comment": "",
    "display": {
        "title": {
            "text": "5000 !",
            "bold": true
        },
        "description": {
            "text": "Vous êtes à 5000 blocs !"
        },
        "icon": {
            "item": "minecraft:leather_boots"
        },
        "frame": "task",
        "show_toast": true,
        "announce_to_chat": true,
        "hidden": false
    },
    "criteria": {
        "impo": {
            "trigger": "minecraft:impossible"
        }
    },
    "rewards": {
        "function": "sevenroad:adv5000"
    },
    "parent": "sevenroad:root"
}